age,gamesPlayed,gamesStarted,groundOuts,airOuts,runs,doubles,triples,homeRuns,strikeOuts,baseOnBalls,intentionalWalks,hits,hitByPitch,avg,atBats,obp,slg,ops,caughtStealing,stolenBases,stolenBasePercentage,caughtStealingPercentage,groundIntoDoublePlay,numberOfPitches,era,inningsPitched,wins,losses,saves,saveOpportunities,holds,blownSaves,earnedRuns,whip,battersFaced,outs,gamesPitched,completeGames,shutouts,strikes,strikePercentage,hitBatsmen,balks,wildPitches,pickoffs,totalBases,groundOutsToAirouts,winPercentage,pitchesPerInning,gamesFinished,strikeoutWalkRatio,strikeoutsPer9Inn,walksPer9Inn,hitsPer9Inn,runsScoredPer9,homeRunsPer9,inheritedRunners,inheritedRunnersScored,catchersInterference,sacBunts,sacFlies,name,team
30,12,0,8,13,0,0,0,0,11,1,0,6,0,.158,38,.179,.158,.337,0,0,.---,.---,0,167,0.00,10.2,1,0,0,0,5,0,0,0.66,39,32,12,0,0,109,.650,0,0,0,0,6,0.62,1.000,15.66,1,11.00,9.28,0.84,5.06,0.00,0.00,3,0,0,0,0,Hunter Harvey,Kansas City Royals
30,17,0,14,13,1,4,0,0,23,8,2,9,2,.153,59,.275,.220,.495,2,1,.333,.667,2,270,0.51,17.2,1,0,0,1,6,1,1,0.96,69,53,17,0,0,161,.600,2,0,2,0,13,1.08,1.000,15.28,3,2.88,11.72,4.08,4.58,0.51,0.00,3,1,0,0,0,Justin Lawrence,Pittsburgh Pirates
29,7,0,8,12,1,0,0,0,12,4,0,6,0,.162,37,.238,.162,.400,0,1,1.000,.000,0,164,0.84,10.2,0,0,0,0,0,0,1,0.94,42,32,7,0,0,111,.680,0,0,0,0,6,0.67,.---,15.38,3,3.00,10.13,3.38,5.06,0.84,0.00,3,0,0,0,1,Ron Marinaccio,San Diego Padres
37,67,0,38,62,9,5,0,3,85,15,0,28,0,.132,212,.189,.198,.387,0,4,1.000,.000,2,917,1.17,61.1,5,3,32,34,4,2,8,0.70,228,184,67,0,0,643,.700,0,0,6,0,42,0.61,.625,14.95,43,5.67,12.47,2.20,4.11,1.32,0.44,10,0,0,0,1,Aroldis Chapman,Boston Red Sox
27,28,0,30,35,5,4,0,1,19,10,1,19,0,.188,101,.257,.257,.514,0,5,1.000,.000,2,427,1.24,29.0,2,1,3,5,5,2,4,1.00,113,87,28,0,0,271,.630,0,0,2,0,26,0.86,.667,14.72,10,1.90,5.90,3.10,5.90,1.55,0.31,18,10,0,0,2,Andrew Saalfrank,Arizona Diamondbacks
23,13,0,15,12,2,3,0,0,16,6,0,7,0,.143,49,.232,.204,.436,0,1,1.000,.000,0,217,1.29,14.0,1,1,0,0,0,0,2,0.93,56,42,13,0,0,133,.610,0,0,0,0,10,1.25,.500,15.50,9,2.67,10.29,3.86,4.50,1.29,0.00,2,0,0,0,1,Luinder Avila,Kansas City Royals
25,7,0,17,13,2,1,0,0,4,5,0,6,3,.150,40,.292,.175,.467,1,0,.000,1.000,4,165,1.38,13.0,1,0,0,0,0,0,2,0.85,48,39,7,0,0,101,.610,3,0,0,0,7,1.31,1.000,12.69,5,0.80,2.77,3.46,4.15,1.38,0.00,5,0,0,0,0,Dylan Smith,Detroit Tigers
27,36,0,32,27,5,5,0,0,22,20,4,24,3,.238,101,.373,.287,.660,1,1,.500,.500,6,482,1.50,30.0,4,1,0,2,10,2,5,1.47,128,90,36,0,0,285,.590,3,0,1,1,29,1.19,.800,16.07,2,1.10,6.60,6.00,7.20,1.50,0.00,18,6,0,2,2,Erik Miller,San Francisco Giants
25,33,0,44,39,8,7,1,3,35,17,2,23,4,.167,138,.275,.297,.572,1,1,.500,.500,4,619,1.51,41.2,0,1,0,0,4,0,7,0.96,162,125,33,0,0,383,.620,4,0,1,0,41,1.13,.000,14.86,10,2.06,7.56,3.67,4.97,1.73,0.65,20,4,0,2,1,Cole Winn,Texas Rangers
28,9,1,9,17,2,0,0,0,8,3,0,10,0,.227,44,.277,.227,.504,0,0,.---,.---,0,176,1.54,11.2,0,0,0,0,2,0,2,1.11,47,35,9,0,0,124,.700,0,0,0,0,10,0.53,.---,15.09,2,2.67,6.17,2.31,7.71,1.54,0.00,6,2,0,0,0,Jayden Murray,Houston Astros
27,10,0,10,12,2,1,0,1,10,7,0,11,0,.256,43,.360,.349,.709,0,0,.---,.---,1,224,1.59,11.1,0,1,0,0,0,0,2,1.59,50,34,10,0,0,141,.630,0,0,1,0,15,0.83,.000,19.76,2,1.43,7.94,5.56,8.74,1.59,0.79,8,4,0,0,0,Bailey Horn,Detroit Tigers
31,62,0,47,47,14,6,0,4,98,21,0,37,8,.164,225,.258,.244,.502,5,15,.750,.250,2,1067,1.63,66.1,6,3,28,31,0,3,12,0.87,258,199,62,0,0,675,.630,8,0,7,0,55,1.00,.667,16.09,48,4.67,13.30,2.85,5.02,1.90,0.54,15,6,0,2,2,Edwin Díaz,New York Mets
31,13,0,10,9,2,1,0,0,14,5,0,6,0,.154,39,.250,.179,.429,0,1,1.000,.000,0,185,1.64,11.0,0,0,0,0,7,0,2,1.00,44,33,13,0,0,110,.590,0,1,0,0,7,1.11,.---,16.82,1,2.80,11.45,4.09,4.91,1.64,0.00,2,1,0,0,0,A.J. Minter,New York Mets
25,10,0,10,9,2,2,0,1,13,6,1,10,1,.244,41,.347,.366,.713,0,4,1.000,.000,0,212,1.64,11.0,0,0,0,0,1,0,2,1.45,49,33,10,0,0,135,.640,1,0,1,0,15,1.11,.---,19.27,0,2.17,10.64,4.91,8.18,1.64,0.82,5,4,0,0,1,Chase Silseth,Los Angeles Angels
25,75,0,77,47,18,4,0,4,90,27,2,51,6,.194,263,.284,.255,.539,1,0,.000,1.000,9,1164,1.67,75.1,3,2,7,9,37,2,14,1.04,298,226,75,0,0,752,.650,6,1,5,1,67,1.64,.600,15.45,15,3.33,10.75,3.23,6.09,2.15,0.48,10,4,0,2,0,Abner Uribe,Milwaukee Brewers
24,11,3,23,38,11,3,0,6,35,11,0,17,0,.152,112,.226,.339,.565,0,2,1.000,.000,1,507,1.69,32.0,3,1,0,1,0,1,6,0.88,124,96,11,0,0,316,.620,0,0,0,0,38,0.61,.750,15.84,2,3.18,9.84,3.09,4.78,3.09,1.69,3,0,0,0,1,AJ Blubaugh,Houston Astros
27,25,0,28,23,6,1,0,1,24,13,0,16,1,.178,90,.286,.222,.508,0,1,1.000,.000,4,406,1.71,26.1,0,1,0,0,5,0,5,1.10,105,79,25,0,0,258,.640,1,0,2,0,20,1.22,.000,15.42,6,1.85,8.20,4.44,5.47,2.05,0.34,6,0,0,0,1,Kade Strowd,Baltimore Orioles
35,22,22,153,95,28,20,1,10,129,21,1,90,7,.194,463,.239,.307,.546,1,4,.800,.200,14,1919,1.73,130.0,11,3,0,0,0,0,25,0.85,496,390,22,1,1,1285,.670,7,0,6,0,142,1.61,.786,14.76,0,6.14,8.93,1.45,6.23,1.94,0.69,0,0,1,2,2,Nathan Eovaldi,Texas Rangers
26,64,0,57,45,18,6,0,2,83,28,3,36,4,.167,216,.271,.222,.493,1,5,.833,.167,3,1035,1.73,62.1,3,3,38,45,0,7,12,1.03,254,187,64,0,0,667,.640,4,0,7,0,48,1.27,.500,16.60,47,2.96,11.98,4.04,5.20,2.60,0.29,4,0,1,2,3,Andrés Muñoz,Seattle Mariners
23,5,5,10,31,5,1,0,3,33,8,0,17,0,.187,91,.253,.297,.550,0,1,1.000,.000,1,410,1.78,25.1,3,0,0,0,0,0,5,0.99,99,76,5,0,0,277,.680,0,0,0,0,27,0.32,1.000,16.18,0,4.13,11.72,2.84,6.04,1.78,1.07,0,0,0,0,0,Logan Henderson,Milwaukee Brewers
25,50,0,34,48,12,6,0,4,67,11,0,34,4,.187,182,.247,.286,.533,2,7,.778,.222,3,808,1.78,50.2,3,5,4,7,13,3,10,0.89,198,152,50,0,0,536,.660,4,0,2,0,52,0.71,.375,15.95,15,6.09,11.90,1.95,6.04,2.13,0.71,27,10,0,0,1,Randy Rodríguez,San Francisco Giants
24,3,2,18,13,6,1,0,1,14,2,0,13,0,.228,57,.254,.298,.552,0,0,.---,.---,1,212,1.80,15.0,1,0,0,0,0,0,3,1.00,60,45,3,0,0,153,.720,0,0,1,0,17,1.38,1.000,14.13,0,7.00,8.40,1.20,7.80,3.60,0.60,0,0,0,1,0,Trevor McDonald,San Francisco Giants
27,18,18,108,111,23,8,3,6,103,29,0,70,2,.180,388,.240,.263,.503,1,3,.750,.250,9,1627,1.81,109.2,9,3,0,0,0,0,22,0.90,423,329,18,1,0,1110,.680,2,1,0,0,102,0.97,.750,14.84,0,3.55,8.45,2.38,5.74,1.89,0.49,0,0,0,2,2,Trevor Rogers,Baltimore Orioles
27,33,0,12,29,8,4,0,2,42,21,0,14,3,.144,97,.314,.247,.561,2,5,.714,.286,2,503,1.84,29.1,0,1,0,0,12,0,6,1.19,121,88,33,0,0,312,.620,3,0,0,0,24,0.41,.000,17.15,3,2.00,12.89,6.44,4.30,2.45,0.61,16,1,0,0,0,Erik Sabrowski,Cleveland Guardians
27,7,1,23,17,5,2,0,1,16,10,1,15,0,.217,69,.313,.290,.603,0,2,1.000,.000,1,295,1.86,19.1,2,0,1,1,1,0,4,1.29,81,58,7,0,0,180,.610,0,0,0,1,20,1.35,1.000,15.26,2,1.60,7.45,4.66,6.98,2.33,0.47,1,0,0,1,1,José Suarez,Atlanta Braves
33,65,0,54,67,18,5,0,4,70,25,3,50,3,.210,238,.291,.282,.573,1,12,.923,.077,5,1087,1.93,65.1,8,4,0,2,29,2,14,1.15,270,196,65,0,0,694,.640,3,0,3,1,67,0.81,.667,16.64,4,2.80,9.64,3.44,6.89,2.48,0.55,13,6,1,1,2,Jason Adam,San Diego Padres
26,39,0,49,60,14,5,2,3,68,20,0,33,4,.160,206,.244,.248,.492,0,1,1.000,.000,4,964,1.94,60.1,4,0,0,0,5,0,13,0.88,234,181,39,0,0,615,.640,4,0,1,0,51,0.82,1.000,15.98,10,3.40,10.14,2.98,4.92,2.09,0.45,26,13,0,0,4,Matt Svanson,St. Louis Cardinals
23,32,32,167,166,45,37,2,11,216,42,0,136,6,.199,684,.251,.307,.558,2,4,.667,.333,13,2997,1.97,187.2,10,10,0,0,0,0,41,0.95,733,563,32,1,0,1952,.650,6,0,2,1,210,1.01,.500,15.97,0,5.14,10.36,2.01,6.52,2.16,0.53,0,0,0,0,1,Paul Skenes,Pittsburgh Pirates
34,81,0,119,57,20,7,1,4,48,7,0,66,1,.229,288,.248,.302,.550,0,5,1.000,.000,4,978,1.98,77.1,4,6,0,2,32,2,17,0.94,299,232,81,0,0,728,.740,1,0,0,0,87,2.09,.400,12.65,13,6.86,5.59,0.81,7.68,2.33,0.47,15,7,1,0,2,Tyler Rogers,New York Mets
35,18,0,19,22,5,2,0,1,22,7,1,20,0,.241,83,.300,.301,.601,0,3,1.000,.000,4,387,1.99,22.2,2,1,0,1,0,1,5,1.19,90,68,18,0,0,254,.660,0,0,0,0,25,0.86,.667,17.07,11,3.14,8.74,2.78,7.94,1.99,0.40,5,0,0,0,0,Cole Sulser,Tampa Bay Rays
34,30,0,36,25,11,2,0,0,32,7,0,25,1,.214,117,.262,.231,.493,0,6,1.000,.000,5,461,1.99,31.2,2,0,0,0,5,0,7,1.01,126,95,30,0,0,310,.670,1,0,1,0,27,1.44,1.000,14.56,9,4.57,9.09,1.99,7.11,3.13,0.00,12,4,0,0,1,Tommy Nance,Toronto Blue Jays
28,27,0,20,39,8,3,0,3,30,12,0,24,2,.212,113,.299,.319,.618,0,3,1.000,.000,1,532,2.03,31.0,2,1,1,2,3,1,7,1.16,127,93,27,0,0,339,.640,2,1,0,1,36,0.51,.667,17.16,8,2.50,8.71,3.48,6.97,2.32,0.87,14,5,0,0,0,Nic Enright,Cleveland Guardians
31,48,0,20,62,16,10,0,8,76,16,1,29,2,.158,184,.232,.342,.574,0,4,1.000,.000,0,847,2.05,52.2,6,2,28,29,0,1,12,0.85,206,158,48,0,0,576,.680,2,0,2,0,63,0.32,.750,16.08,41,4.75,12.99,2.73,4.96,2.73,1.37,3,0,1,2,1,Josh Hader,Houston Astros
27,72,0,89,38,19,8,0,3,80,19,4,58,3,.221,263,.279,.285,.564,1,13,.929,.071,3,1073,2.06,70.0,7,6,32,37,1,5,16,1.10,287,210,72,0,0,709,.660,3,0,3,0,75,2.34,.538,15.33,55,4.21,10.29,2.44,7.46,2.44,0.39,5,2,0,0,2,Jhoan Duran,Philadelphia Phillies
23,8,8,54,25,13,4,0,4,57,16,0,34,2,.200,170,.277,.294,.571,3,0,.000,1.000,4,739,2.06,48.0,5,1,0,0,0,0,11,1.04,188,144,8,0,0,470,.640,2,0,2,0,50,2.16,.833,15.40,0,3.56,10.69,3.00,6.38,2.44,0.75,0,0,0,0,0,Nolan McLean,New York Mets
30,42,0,57,35,13,5,1,2,45,22,2,33,7,.196,168,.313,.274,.587,1,2,.667,.333,6,758,2.06,48.0,3,1,6,9,6,3,11,1.15,199,144,42,0,0,470,.620,7,0,3,0,46,1.63,.750,15.79,15,2.05,8.44,4.13,6.19,2.44,0.38,10,3,0,1,1,Riley O'Brien,St. Louis Cardinals
28,65,0,72,49,21,9,0,2,55,29,5,47,2,.217,217,.311,.286,.597,1,4,.800,.200,6,990,2.07,61.0,4,6,8,9,24,1,14,1.25,255,183,65,0,0,618,.620,2,0,2,0,62,1.47,.400,16.23,16,1.90,8.11,4.28,6.93,3.10,0.30,26,3,1,3,3,JoJo Romero,St. Louis Cardinals
29,68,1,75,53,18,4,0,4,75,22,0,45,6,.182,247,.265,.247,.512,0,0,.---,.---,8,1113,2.07,69.2,4,2,3,6,25,3,16,0.96,276,209,68,0,0,703,.630,6,0,1,0,61,1.42,.667,15.98,12,3.41,9.69,2.84,5.81,2.33,0.52,13,3,0,1,0,Brad Keller,Chicago Cubs
26,75,0,89,61,23,5,1,2,70,17,3,49,0,.186,263,.235,.236,.471,1,9,.900,.100,6,999,2.08,73.2,13,6,3,7,20,4,17,0.90,286,221,75,0,0,686,.690,0,0,2,0,62,1.46,.684,13.56,9,4.12,8.55,2.08,5.99,2.81,0.24,45,5,0,5,1,Adrian Morejon,San Diego Padres
28,31,0,42,21,9,3,0,2,25,6,0,26,1,.232,112,.275,.313,.588,0,6,1.000,.000,4,431,2.08,30.1,1,2,0,0,11,0,7,1.05,121,91,31,0,0,281,.650,1,0,1,0,35,2.00,.333,14.21,4,4.17,7.42,1.78,7.71,2.67,0.59,14,6,0,1,1,Manuel Rodríguez,Tampa Bay Rays
27,43,1,79,32,16,7,2,3,76,24,0,54,4,.227,238,.307,.311,.618,1,7,.875,.125,9,1033,2.16,66.2,5,2,3,3,6,0,16,1.17,270,200,43,0,0,645,.620,4,0,6,2,74,2.47,.714,15.50,9,3.17,10.26,3.24,7.29,2.16,0.40,22,5,1,2,1,Aaron Ashby,Milwaukee Brewers
30,51,0,55,52,13,7,1,3,42,21,2,32,2,.177,181,.270,.276,.546,1,11,.917,.083,2,783,2.16,50.0,3,5,4,7,19,3,12,1.06,204,150,51,0,0,511,.650,2,0,1,0,50,1.06,.375,15.66,12,2.00,7.56,3.78,5.76,2.34,0.54,14,4,0,0,0,Anthony Bender,Miami Marlins
34,13,1,18,16,4,4,0,1,14,5,0,10,2,.179,56,.262,.304,.566,1,2,.667,.333,1,262,2.16,16.2,0,0,0,0,2,0,4,0.90,65,50,13,0,0,159,.610,2,0,0,0,17,1.13,.---,15.72,7,2.80,7.56,2.70,5.40,2.16,0.54,6,3,0,0,2,Chris Devenski,New York Mets
36,57,4,34,54,14,2,0,5,57,15,1,38,5,.210,181,.287,.304,.591,1,5,.833,.167,3,800,2.17,49.2,2,2,1,3,14,2,12,1.07,203,149,57,0,0,535,.670,5,0,1,0,55,0.63,.500,16.11,11,3.80,10.33,2.72,6.89,2.54,0.91,23,7,0,1,1,Drew Pomeranz,Chicago Cubs
29,70,0,58,88,18,8,3,5,60,17,0,44,3,.179,246,.237,.297,.534,3,3,.500,.500,2,1002,2.18,70.1,4,5,16,19,13,3,17,0.87,270,211,70,0,0,700,.700,3,0,0,0,73,0.66,.444,14.25,34,3.53,7.68,2.18,5.63,2.30,0.64,18,4,0,0,4,Dennis Santana,Pittsburgh Pirates
30,16,16,74,108,21,12,1,5,66,29,0,69,0,.218,316,.283,.310,.593,1,2,.667,.333,8,1381,2.18,86.2,6,4,0,0,0,0,21,1.13,346,260,16,0,0,901,.650,0,1,0,1,98,0.69,.600,15.93,0,2.28,6.85,3.01,7.17,2.18,0.52,0,0,0,0,1,Tyler Mahle,Texas Rangers
28,19,0,13,19,7,2,0,2,16,8,0,11,2,.186,59,.304,.322,.626,1,0,.000,1.000,2,290,2.20,16.1,0,2,1,4,5,3,4,1.16,69,49,19,0,0,172,.590,2,0,1,0,19,0.68,.000,17.76,4,2.00,8.82,4.41,6.06,3.86,1.10,6,2,0,0,0,Nick Sandlin,Toronto Blue Jays
28,31,31,160,168,55,26,2,18,241,33,0,141,5,.200,706,.240,.319,.559,4,3,.429,.571,10,2849,2.21,195.1,13,6,0,0,0,0,48,0.89,748,586,31,1,1,2003,.700,5,2,3,1,225,0.95,.684,14.59,0,7.30,11.10,1.52,6.50,2.53,0.83,0,0,0,2,2,Tarik Skubal,Detroit Tigers
25,69,0,49,72,23,12,0,8,98,27,2,53,4,.199,267,.278,.333,.611,0,17,1.000,.000,1,1158,2.22,73.0,7,1,7,11,26,4,18,1.10,303,219,69,0,0,753,.650,4,2,2,0,89,0.68,.875,15.86,9,3.63,12.08,3.33,6.53,2.84,0.99,35,14,0,1,4,Ronny Henriquez,Miami Marlins
37,14,0,4,11,4,0,0,2,17,7,0,10,0,.238,42,.347,.381,.728,3,4,.571,.429,0,230,2.25,12.0,0,1,0,0,2,0,3,1.42,49,36,14,0,0,130,.570,0,0,0,1,16,0.36,.000,19.17,5,2.43,12.75,5.25,7.50,3.00,1.50,1,0,0,0,0,Craig Kimbrel,Houston Astros
29,62,0,59,60,21,8,0,2,91,24,2,54,5,.206,262,.283,.260,.543,3,7,.700,.300,2,1180,2.25,72.0,7,3,1,5,24,4,18,1.08,293,216,62,0,0,807,.680,5,0,3,1,68,0.98,.700,16.39,9,3.79,11.38,3.00,6.75,2.63,0.25,15,2,0,0,2,Garrett Whitlock,Boston Red Sox
28,70,0,40,65,18,9,0,4,105,31,0,51,4,.196,260,.291,.277,.568,2,10,.833,.167,1,1189,2.28,71.0,3,4,7,12,25,5,18,1.15,296,213,70,0,0,739,.620,4,0,4,1,72,0.62,.429,16.75,19,3.39,13.31,3.93,6.46,2.28,0.51,22,6,0,0,1,Bryan Abreu,Houston Astros
30,64,0,46,53,18,8,2,4,86,19,2,46,1,.200,230,.263,.304,.567,2,7,.778,.222,3,1024,2.30,62.2,6,5,27,30,4,3,16,1.04,251,188,64,0,0,688,.670,1,0,4,0,70,0.87,.545,16.34,51,4.53,12.35,2.73,6.61,2.59,0.57,6,1,0,0,1,David Bednar,New York Yankees
35,55,1,36,47,11,4,0,3,43,18,0,32,0,.205,156,.286,.288,.574,2,7,.778,.222,2,719,2.30,43.0,2,1,2,2,9,0,11,1.16,176,129,55,0,0,463,.640,0,0,1,1,45,0.77,.667,16.72,10,2.39,9.00,3.77,6.70,2.30,0.63,32,6,0,1,1,Danny Coulombe,Texas Rangers
34,71,2,55,89,21,8,2,5,74,20,0,40,6,.157,254,.232,.264,.496,0,4,1.000,.000,4,1118,2.31,74.0,4,3,9,12,12,3,19,0.81,284,222,71,0,0,741,.660,6,0,3,0,67,0.62,.571,15.11,22,3.70,9.00,2.43,4.86,2.55,0.61,38,10,0,0,4,Shawn Armstrong,Texas Rangers
26,5,5,28,23,8,2,0,1,20,10,0,16,1,.184,87,.276,.241,.517,0,1,1.000,.000,2,417,2.31,23.1,1,1,0,0,0,0,6,1.11,98,70,5,0,0,235,.560,1,0,2,0,21,1.22,.500,17.87,0,2.00,7.71,3.86,6.17,3.09,0.39,0,0,0,0,0,Andrew Alvarez,Washington Nationals
27,11,1,19,8,4,2,0,0,8,9,1,12,0,.255,47,.375,.298,.673,0,0,.---,.---,2,206,2.31,11.2,1,1,0,0,2,0,3,1.80,56,35,11,0,0,129,.630,0,0,0,0,14,2.38,.500,17.66,4,0.89,6.17,6.94,9.26,3.09,0.00,5,2,0,0,0,Brady Basso,Athletics
35,5,1,9,13,4,2,1,0,10,2,1,9,1,.225,40,.273,.325,.598,1,2,.667,.333,1,173,2.31,11.2,2,0,0,0,0,0,3,0.94,44,35,5,0,0,108,.620,1,0,4,0,13,0.69,1.000,14.83,3,5.00,7.71,1.54,6.94,3.09,0.00,2,2,0,0,1,Albert Suárez,Baltimore Orioles
23,4,4,12,16,6,1,0,0,29,4,0,17,1,.230,74,.278,.243,.521,1,1,.500,.500,1,323,2.33,19.1,1,2,0,0,0,0,5,1.09,79,58,4,0,0,208,.640,1,0,0,1,18,0.75,.333,16.71,0,7.25,13.50,1.86,7.91,2.79,0.00,0,0,0,0,0,Connelly Early,Boston Red Sox
31,67,0,51,45,17,5,1,9,82,18,0,40,7,.184,217,.267,.341,.608,3,2,.400,.600,3,874,2.35,61.1,2,6,2,6,21,4,16,0.95,243,184,67,0,0,591,.680,7,0,1,3,74,1.13,.250,14.25,9,4.56,12.03,2.64,5.87,2.49,1.32,24,7,0,0,1,Garrett Cleavinger,Tampa Bay Rays
25,14,0,14,9,6,4,0,0,21,10,0,14,2,.246,57,.371,.316,.687,0,2,1.000,.000,1,305,2.35,15.1,1,1,0,0,2,0,4,1.57,70,46,14,0,0,179,.590,2,0,0,0,18,1.56,.500,19.89,5,2.10,12.33,5.87,8.22,3.52,0.00,4,3,0,0,1,Will Klein,Los Angeles Dodgers
32,11,11,59,46,21,10,0,3,72,26,1,51,0,.230,222,.307,.315,.622,5,6,.545,.455,4,1028,2.35,61.1,5,4,0,0,0,0,16,1.26,254,184,11,0,0,639,.620,0,0,7,1,70,1.28,.556,16.76,0,2.77,10.57,3.82,7.48,3.08,0.44,0,0,0,3,3,Blake Snell,Los Angeles Dodgers
23,22,0,20,18,5,3,0,2,18,5,0,17,0,.236,72,.282,.361,.643,1,1,.500,.500,0,279,2.37,19.0,2,1,1,3,5,2,5,1.16,78,57,22,0,0,179,.640,0,0,2,0,26,1.11,.667,14.68,3,3.60,8.53,2.37,8.05,2.37,0.95,14,9,0,0,1,Edgardo Henriquez,Los Angeles Dodgers
27,13,0,16,15,4,1,0,4,12,5,0,11,1,.204,54,.283,.444,.727,0,1,1.000,.000,2,227,2.40,15.0,0,0,0,1,1,1,4,1.07,60,45,13,0,0,146,.640,1,0,0,0,24,1.07,.---,15.13,5,2.40,7.20,3.00,6.60,2.40,2.40,0,0,0,0,0,Hunter Bigge,Tampa Bay Rays
35,42,0,26,33,11,1,0,2,36,19,0,29,0,.238,122,.338,.295,.633,4,3,.429,.571,3,614,2.41,33.2,1,1,0,0,4,0,9,1.43,143,101,42,0,0,381,.620,0,0,8,3,36,0.79,.500,18.24,9,1.89,9.62,5.08,7.75,2.94,0.53,29,9,0,1,1,Andrew Chafin,Los Angeles Angels
28,17,0,25,21,7,3,0,2,17,8,1,15,0,.197,76,.271,.316,.587,0,2,1.000,.000,2,315,2.42,22.1,3,1,0,0,4,0,6,1.03,86,67,17,0,0,200,.630,0,1,0,0,24,1.19,.750,14.10,4,2.13,6.85,3.22,6.04,2.82,0.81,10,5,0,1,1,Joel Peguero,San Francisco Giants
26,31,31,178,148,55,20,3,17,206,57,1,133,7,.201,661,.271,.318,.589,8,20,.714,.286,18,2962,2.43,185.1,12,9,0,0,0,0,50,1.03,729,556,31,1,0,1830,.620,7,1,0,1,210,1.20,.571,15.98,0,3.61,10.00,2.77,6.46,2.67,0.83,0,0,0,2,2,Hunter Brown,Houston Astros
26,43,4,60,54,26,8,0,4,68,27,3,57,11,.242,236,.345,.326,.671,3,9,.750,.250,8,1052,2.43,63.0,4,3,2,2,5,0,17,1.33,277,189,43,0,0,661,.630,11,0,2,2,77,1.11,.571,16.70,5,2.52,9.71,3.86,8.14,3.71,0.57,27,9,0,2,1,Brant Hurter,Detroit Tigers
28,80,0,58,80,23,11,2,7,75,29,0,53,5,.200,265,.290,.336,.626,3,1,.250,.750,9,1230,2.44,73.2,1,5,7,11,33,4,20,1.11,301,221,80,0,0,794,.650,5,0,4,0,89,0.73,.167,16.70,16,2.59,9.16,3.54,6.48,2.81,0.86,29,13,1,0,1,Tony Santillan,Cincinnati Reds
32,67,0,37,104,22,11,1,5,54,22,6,48,4,.199,241,.276,.315,.591,1,0,.000,1.000,1,1043,2.45,66.0,4,5,42,48,0,6,18,1.06,269,198,67,0,0,682,.650,4,1,2,0,76,0.36,.444,15.80,57,2.45,7.36,3.00,6.55,3.00,0.68,11,6,0,1,1,Carlos Estévez,Kansas City Royals
29,14,0,7,15,3,0,0,0,12,13,0,6,0,.150,40,.358,.150,.508,0,0,.---,.---,0,231,2.45,11.0,0,0,0,0,6,0,3,1.73,53,33,14,0,0,133,.580,0,1,3,0,6,0.47,.---,21.00,1,0.92,9.82,10.64,4.91,2.45,0.00,2,1,0,0,0,Michael Kopech,Los Angeles Dodgers
29,44,0,26,71,14,7,0,4,45,19,2,35,2,.203,172,.286,.314,.600,0,0,.---,.---,2,777,2.45,47.2,3,3,0,3,12,3,13,1.13,198,143,44,0,0,519,.670,2,0,0,0,54,0.37,.500,16.30,12,2.37,8.50,3.59,6.61,2.64,0.76,18,6,0,2,3,Isaac Mattson,Pittsburgh Pirates
37,30,0,16,36,7,5,0,0,25,6,0,14,2,.154,91,.222,.209,.431,0,0,.---,.---,0,388,2.45,25.2,3,1,0,0,10,0,7,0.78,99,77,30,0,0,253,.650,2,0,0,0,19,0.44,.750,15.12,1,4.17,8.77,2.10,4.91,2.45,0.00,17,3,0,0,0,Brooks Raley,New York Mets
35,9,0,11,14,4,1,0,2,5,2,1,10,0,.256,39,.286,.436,.722,0,0,.---,.---,3,158,2.45,11.0,0,1,1,1,0,0,3,1.09,42,33,9,0,0,101,.640,0,0,1,0,17,0.79,.000,14.36,8,2.50,4.09,1.64,8.18,3.27,1.64,4,0,0,0,1,Erasmo Ramírez,Minnesota Twins
27,5,0,8,14,3,3,0,1,8,6,0,10,0,.250,40,.348,.400,.748,0,0,.---,.---,2,174,2.45,11.0,0,0,1,2,0,1,3,1.45,46,33,5,0,0,105,.600,0,1,0,0,16,0.57,.---,15.82,3,1.33,6.55,4.91,8.18,2.45,0.82,0,0,0,0,0,Alan Rangel,Philadelphia Phillies
33,26,1,23,23,7,2,0,3,20,10,3,16,1,.203,79,.293,.342,.635,0,1,1.000,.000,1,347,2.45,22.0,2,1,0,1,2,1,6,1.18,93,66,26,0,0,219,.630,1,0,2,0,27,1.00,.667,15.77,4,2.00,8.18,4.09,6.55,2.86,1.23,16,4,0,1,2,Rob Zastryzny,Milwaukee Brewers
27,53,0,51,29,15,6,0,4,58,18,2,41,2,.236,174,.313,.339,.652,0,4,1.000,.000,5,822,2.47,47.1,1,3,4,5,21,1,13,1.25,199,142,53,0,0,502,.610,2,0,0,0,59,1.76,.250,17.37,8,3.22,11.03,3.42,7.80,2.85,0.76,11,1,0,4,1,Matt Brash,Seattle Mariners
32,28,0,35,26,9,5,0,4,21,15,0,19,4,.190,100,.319,.360,.679,0,1,1.000,.000,2,456,2.48,29.0,0,1,2,2,2,0,8,1.17,120,87,28,0,0,276,.610,4,0,1,1,36,1.35,.000,15.72,13,1.40,6.52,4.66,5.90,2.79,1.24,5,2,0,1,0,Dan Altavilla,Chicago White Sox
31,59,0,65,96,24,15,1,6,81,26,1,72,7,.233,309,.303,.346,.649,3,6,.667,.333,6,1282,2.48,83.1,1,2,0,1,9,1,23,1.18,347,250,59,0,0,831,.650,7,2,2,0,107,0.68,.333,15.38,9,3.12,8.75,2.81,7.78,2.59,0.65,36,14,0,1,4,Jimmy Herget,Colorado Rockies
26,30,30,181,127,53,20,0,14,201,59,0,113,3,.183,619,.257,.283,.540,5,7,.583,.417,9,2789,2.49,173.2,12,8,0,0,0,0,48,0.99,684,521,30,0,0,1787,.640,3,0,5,0,175,1.43,.600,16.06,0,3.41,10.42,3.06,5.86,2.75,0.73,0,0,0,2,1,Yoshinobu Yamamoto,Los Angeles Dodgers
31,50,0,36,43,16,11,0,3,60,17,3,36,0,.209,172,.276,.326,.602,0,9,1.000,.000,2,753,2.49,47.0,6,3,30,36,0,6,13,1.13,192,141,50,0,0,507,.670,0,0,2,0,56,0.84,.667,16.02,44,3.53,11.49,3.26,6.89,3.06,0.57,12,5,0,0,3,Trevor Megill,Milwaukee Brewers
28,32,32,243,131,58,35,0,12,212,44,0,171,6,.227,754,.275,.321,.596,4,10,.714,.286,20,2896,2.50,202.0,13,5,0,0,0,0,56,1.06,807,606,32,1,0,1940,.670,6,1,6,0,242,1.85,.722,14.34,0,4.82,9.45,1.96,7.62,2.58,0.53,0,0,0,2,1,Cristopher Sánchez,Philadelphia Phillies
25,47,3,111,95,32,13,1,8,82,52,5,74,8,.204,362,.318,.312,.630,3,24,.889,.111,13,1646,2.50,101.0,5,3,4,6,3,2,28,1.25,423,303,47,0,0,985,.600,8,2,4,0,113,1.17,.625,16.30,17,1.58,7.31,4.63,6.59,2.85,0.71,22,9,1,0,0,Mike Vasil,Chicago White Sox
29,73,0,59,90,23,5,1,9,82,27,2,53,2,.189,280,.262,.311,.573,0,7,1.000,.000,5,1224,2.52,78.2,5,0,0,1,12,1,22,1.02,313,236,73,0,0,805,.660,2,0,2,0,87,0.66,1.000,15.56,18,3.04,9.38,3.09,6.06,2.63,1.03,20,5,0,0,4,Eduard Bazardo,Seattle Mariners
28,6,6,17,28,9,2,0,3,47,10,0,23,1,.200,115,.270,.296,.566,1,0,.000,1.000,3,494,2.53,32.0,1,1,0,0,0,0,9,1.03,126,96,6,0,0,316,.640,1,0,0,0,34,0.61,.500,15.44,0,4.70,13.22,2.81,6.47,2.53,0.84,0,0,0,0,0,Kyle Bradish,Baltimore Orioles
27,20,20,115,105,38,21,3,6,116,39,1,98,3,.227,431,.294,.332,.626,3,2,.400,.600,14,1795,2.55,116.1,8,7,0,0,0,0,33,1.18,476,349,20,0,0,1185,.660,3,0,1,0,143,1.10,.533,15.43,0,2.97,8.97,3.02,7.58,2.94,0.46,0,0,0,0,3,Kris Bubic,Kansas City Royals
36,21,20,89,111,38,15,4,11,165,32,0,102,11,.220,463,.285,.341,.626,8,23,.742,.258,2,2031,2.58,125.2,7,5,0,0,0,0,36,1.07,510,377,21,0,0,1357,.670,11,0,3,1,158,0.80,.583,16.16,0,5.16,11.82,2.29,7.31,2.72,0.79,0,0,0,2,2,Chris Sale,Atlanta Braves
26,32,32,181,163,62,28,2,24,255,46,0,165,3,.217,762,.264,.353,.617,7,13,.650,.350,10,3151,2.59,205.1,18,5,0,0,0,0,59,1.03,814,616,32,1,1,2114,.670,3,3,7,0,269,1.11,.783,15.35,0,5.54,11.18,2.02,7.23,2.72,1.05,0,0,1,1,1,Garrett Crochet,Boston Red Sox
37,62,0,37,83,18,5,1,8,57,19,2,37,1,.175,212,.245,.321,.566,0,13,1.000,.000,3,869,2.59,59.0,5,4,29,30,0,1,17,0.95,234,177,62,0,0,605,.700,1,3,0,0,68,0.45,.556,14.73,47,3.00,8.69,2.90,5.64,2.75,1.22,7,2,0,1,1,Kenley Jansen,Los Angeles Angels
30,35,0,28,25,10,4,0,3,50,23,0,16,0,.134,119,.275,.244,.519,1,10,.909,.091,0,627,2.60,34.2,1,1,19,20,0,1,10,1.13,142,104,35,0,0,371,.590,0,0,1,0,29,1.12,.500,18.09,28,2.17,12.98,5.97,4.15,2.60,0.78,2,0,0,0,0,Félix Bautista,Baltimore Orioles
30,76,0,38,64,19,11,2,5,82,11,1,43,5,.192,224,.243,.326,.569,1,9,.900,.100,0,921,2.61,62.0,4,3,0,6,24,6,18,0.87,243,186,76,0,0,639,.690,5,0,1,1,73,0.59,.571,14.85,4,7.45,11.90,1.60,6.24,2.76,0.73,41,9,0,0,3,Gabe Speier,Seattle Mariners
26,60,0,33,40,19,3,2,5,104,28,2,28,1,.139,202,.246,.248,.494,2,4,.667,.333,7,972,2.63,61.2,1,2,22,26,10,4,18,0.91,234,185,60,0,0,629,.650,1,1,3,0,50,0.83,.333,15.76,37,3.71,15.18,4.09,4.09,2.77,0.73,19,4,0,2,1,Mason Miller,San Diego Padres
33,43,0,23,43,11,4,1,3,44,13,2,32,4,.227,141,.310,.333,.643,1,8,.889,.111,0,610,2.63,37.2,2,2,0,1,16,1,11,1.19,159,113,43,0,0,399,.650,4,0,1,1,47,0.53,.500,16.19,3,3.38,10.51,3.11,7.65,2.63,0.72,14,6,0,1,0,Brock Stewart,Los Angeles Dodgers
27,33,2,56,89,22,13,1,5,42,14,3,64,1,.261,245,.300,.384,.684,2,5,.714,.286,5,1000,2.63,65.0,2,2,0,0,4,0,19,1.20,266,195,33,0,0,673,.670,1,0,0,0,94,0.63,.500,15.38,16,3.00,5.82,1.94,8.86,3.05,0.69,5,5,0,3,3,Kolby Allard,Cleveland Guardians
27,44,1,67,49,18,9,1,3,43,21,3,44,6,.219,201,.310,.318,.628,1,2,.667,.333,3,908,2.63,54.2,4,5,0,2,5,2,16,1.19,230,164,44,0,0,564,.620,6,0,6,0,64,1.37,.444,16.61,10,2.05,7.08,3.46,7.24,2.96,0.49,14,3,0,1,1,Cade Gibson,Miami Marlins
38,67,0,43,70,17,9,1,5,56,13,1,38,0,.186,204,.232,.314,.546,1,2,.667,.333,4,839,2.64,58.0,3,4,1,4,25,3,17,0.88,220,174,67,0,0,561,.670,0,0,0,1,64,0.61,.429,14.47,4,4.31,8.69,2.02,5.90,2.64,0.78,35,10,0,0,3,Caleb Thielbar,Chicago Cubs
30,61,0,68,57,19,9,1,4,48,18,3,54,4,.238,227,.305,.339,.644,0,3,1.000,.000,7,963,2.64,61.1,8,4,2,7,22,5,18,1.17,249,184,61,0,0,613,.640,4,0,3,2,77,1.19,.667,15.70,10,2.67,7.04,2.64,7.92,2.79,0.59,19,4,0,0,0,Lucas Erceg,Kansas City Royals
23,16,0,12,25,9,4,0,1,25,12,0,13,0,.178,73,.291,.274,.565,0,2,1.000,.000,1,368,2.66,20.1,1,0,0,0,1,0,6,1.23,87,61,16,0,0,222,.600,0,0,0,0,20,0.48,1.000,18.10,6,2.08,11.07,5.31,5.75,3.98,0.44,5,1,0,1,1,Wikelman González,Chicago White Sox
30,11,11,73,51,23,13,0,7,63,26,1,49,3,.210,233,.297,.356,.653,1,2,.667,.333,5,1009,2.66,64.1,3,2,0,0,0,0,19,1.17,265,193,11,0,0,642,.640,3,2,1,0,83,1.43,.600,15.68,0,2.42,8.81,3.64,6.85,3.22,0.98,0,0,0,2,1,Corbin Burnes,Arizona Diamondbacks
25,41,2,43,40,14,6,1,4,50,23,1,35,2,.208,168,.311,.327,.638,2,4,.667,.333,7,766,2.66,47.1,1,2,0,0,1,0,14,1.23,193,142,41,0,0,486,.630,2,0,2,0,55,1.08,.333,16.18,15,2.17,9.51,4.37,6.65,2.66,0.76,25,7,0,0,0,David Morgan,San Diego Padres
23,23,22,112,132,40,17,1,10,97,33,0,95,6,.219,433,.282,.333,.615,7,8,.533,.467,5,1788,2.67,118.0,11,4,0,0,0,0,35,1.08,476,354,23,0,0,1177,.660,6,0,1,2,144,0.85,.733,15.15,0,2.94,7.40,2.52,7.25,3.05,0.76,0,0,1,0,3,Cade Horton,Chicago Cubs
24,52,1,34,52,15,6,0,4,62,19,1,32,3,.181,177,.269,.282,.551,1,6,.857,.143,3,834,2.70,50.0,7,0,0,1,5,1,15,1.02,202,150,52,0,0,547,.660,3,0,0,0,50,0.65,1.000,16.68,12,3.26,11.16,3.42,5.76,2.70,0.72,30,8,0,1,2,Braydon Fisher,Toronto Blue Jays
29,33,33,133,186,54,23,0,21,204,66,0,124,9,.193,643,.277,.327,.604,1,12,.923,.077,8,3086,2.70,176.2,17,6,0,0,0,0,53,1.08,723,530,33,0,0,1902,.620,9,2,4,0,210,0.72,.739,17.47,0,3.09,10.39,3.36,6.32,2.75,1.07,0,0,1,3,1,Freddy Peralta,Milwaukee Brewers
32,12,0,7,13,4,4,0,1,10,3,1,7,1,.189,37,.268,.378,.646,1,2,.667,.333,0,147,2.70,10.0,2,0,0,1,0,1,3,1.00,42,30,12,0,0,105,.710,1,1,1,0,14,0.54,1.000,14.70,0,3.33,9.00,2.70,6.30,3.60,0.90,1,0,1,0,0,Robert Stephenson,Los Angeles Angels
35,24,24,119,123,48,21,2,19,195,33,0,107,8,.197,542,.253,.349,.602,4,4,.500,.500,8,2394,2.71,149.2,10,5,0,0,0,0,45,0.94,585,449,24,1,0,1549,.650,8,0,2,1,189,0.97,.667,16.00,0,5.91,11.73,1.98,6.43,2.89,1.14,0,0,0,0,2,Zack Wheeler,Philadelphia Phillies
25,26,8,76,56,22,16,1,3,71,24,1,63,2,.239,264,.306,.341,.647,3,5,.625,.375,2,1102,2.71,69.2,4,4,0,1,4,1,21,1.25,292,209,26,0,0,729,.660,2,0,1,0,90,1.36,.500,15.82,6,2.96,9.17,3.10,8.14,2.84,0.39,5,1,0,1,1,Braxton Ashcraft,Pittsburgh Pirates
24,7,7,38,37,12,7,0,4,38,6,0,46,0,.289,159,.315,.409,.724,0,0,.---,.---,4,625,2.72,39.2,3,1,0,0,0,0,12,1.31,165,119,7,0,0,413,.660,0,1,2,0,65,1.03,.750,15.76,0,6.33,8.62,1.36,10.44,2.72,0.91,0,0,0,0,0,Parker Messick,Cleveland Guardians
32,48,5,82,87,36,16,0,5,91,31,2,94,5,.269,350,.335,.357,.692,3,7,.700,.300,13,1546,2.73,92.1,2,5,2,2,4,0,28,1.35,391,277,48,0,0,1002,.650,5,0,2,0,125,0.94,.286,16.74,11,2.94,8.87,3.02,9.16,3.51,0.49,23,9,1,2,2,Sean Newcomb,Athletics
29,14,14,68,83,28,13,1,6,73,20,0,64,4,.225,285,.282,.340,.622,2,10,.833,.167,3,1259,2.74,75.2,5,4,0,0,0,0,23,1.11,312,227,14,0,0,813,.650,4,2,1,1,97,0.82,.556,16.64,0,3.65,8.68,2.38,7.61,3.33,0.71,0,0,0,0,3,Pablo López,Minnesota Twins
34,48,0,28,52,17,5,0,5,54,15,4,33,4,.201,164,.280,.323,.603,1,8,.889,.111,3,705,2.74,46.0,4,3,10,15,9,5,14,1.04,186,138,48,0,0,474,.670,4,0,1,0,53,0.54,.571,15.33,23,3.60,10.57,2.93,6.46,3.33,0.98,14,4,0,0,3,Shelby Miller,Milwaukee Brewers
33,66,0,26,91,22,11,2,5,70,20,1,47,2,.208,226,.273,.341,.614,0,3,1.000,.000,1,993,2.74,62.1,2,3,6,10,22,4,19,1.07,256,187,66,0,0,677,.680,2,0,3,0,77,0.29,.400,15.93,19,3.50,10.11,2.89,6.79,3.18,0.72,8,2,0,3,5,Matt Strahm,Philadelphia Phillies
25,19,19,67,118,35,22,1,15,132,26,0,75,2,.192,391,.246,.368,.614,3,9,.750,.250,2,1748,2.76,107.2,7,4,0,0,0,0,33,0.94,420,323,19,1,1,1199,.690,2,0,5,2,144,0.57,.636,16.24,0,5.08,11.03,2.17,6.27,2.93,1.25,0,0,0,1,0,Hunter Greene,Cincinnati Reds
24,16,4,45,52,15,4,0,7,36,15,0,31,1,.191,162,.263,.346,.609,4,4,.500,.500,3,656,2.76,45.2,3,2,0,0,4,0,14,1.01,180,137,16,0,0,421,.640,1,0,2,1,56,0.87,.600,14.36,0,2.40,7.09,2.96,6.11,2.96,1.38,4,1,0,1,1,Troy Melton,Detroit Tigers
29,31,31,164,136,47,14,0,18,127,37,1,116,5,.214,541,.271,.340,.611,7,19,.731,.269,16,2316,2.76,150.0,10,5,0,0,0,0,46,1.02,585,450,31,0,0,1517,.660,5,0,3,0,184,1.21,.667,15.44,0,3.43,7.62,2.22,6.96,2.82,1.08,0,0,0,1,1,Drew Rasmussen,Tampa Bay Rays
34,7,0,10,23,5,4,0,0,6,5,0,12,0,.240,50,.304,.320,.624,0,0,.---,.---,1,216,2.77,13.0,0,0,0,0,0,0,4,1.31,56,39,7,0,0,137,.630,0,0,3,0,16,0.43,.---,16.62,5,1.20,4.15,3.46,8.31,3.46,0.00,5,2,0,0,1,Kevin Herget,New York Mets
28,68,0,57,74,21,7,0,10,69,11,0,60,4,.233,258,.273,.376,.649,0,1,1.000,.000,4,1046,2.78,68.0,5,4,2,5,27,3,21,1.04,275,204,68,0,0,722,.690,4,0,3,0,97,0.77,.556,15.38,11,6.27,9.13,1.46,7.94,2.78,1.32,23,1,0,0,2,Bryan King,Houston Astros
27,54,1,107,63,26,10,1,8,52,24,0,65,2,.226,287,.291,.352,.643,0,1,1.000,.000,11,1114,2.78,77.2,2,1,4,4,8,0,24,1.15,313,233,54,0,0,717,.640,2,0,6,0,101,1.70,.667,14.34,19,2.17,6.03,2.78,7.53,3.01,0.93,9,0,0,0,0,Tyler Phillips,Miami Marlins
32,63,0,44,51,21,12,0,3,81,23,2,42,7,.196,214,.293,.294,.587,1,8,.889,.111,5,1008,2.79,61.1,4,5,5,10,22,5,19,1.06,248,184,63,0,0,654,.650,7,0,1,0,63,0.86,.444,16.43,22,3.52,11.89,3.38,6.16,3.08,0.44,29,7,0,2,2,Phil Maton,Texas Rangers
30,72,0,62,78,27,14,0,6,57,21,1,57,3,.227,251,.292,.355,.647,3,6,.667,.333,4,1069,2.82,67.0,6,6,4,13,17,9,21,1.16,278,201,72,0,0,684,.640,3,0,1,0,89,0.79,.500,15.96,11,2.71,7.66,2.82,7.66,3.63,0.81,28,7,0,1,2,Greg Weissert,Boston Red Sox
25,15,12,46,83,29,10,2,7,89,22,0,49,2,.185,265,.251,.317,.568,3,0,.000,1.000,1,1146,2.82,73.1,6,3,0,0,0,0,23,0.97,291,220,15,0,0,739,.640,2,0,2,1,84,0.55,.667,15.63,0,4.05,10.92,2.70,6.01,3.56,0.86,1,0,0,0,2,Emmet Sheehan,Los Angeles Dodgers
31,61,0,65,56,22,10,1,7,59,18,0,45,1,.201,224,.263,.348,.611,4,8,.667,.333,3,987,2.83,60.1,4,5,27,32,0,5,19,1.04,244,181,61,0,0,660,.670,1,0,2,1,78,1.16,.444,16.36,48,3.28,8.80,2.69,6.71,3.28,1.04,6,0,0,1,0,Pete Fairbanks,Tampa Bay Rays
29,33,8,67,99,28,14,3,7,76,37,2,69,0,.223,310,.305,.355,.660,3,9,.750,.250,9,1388,2.84,85.2,2,0,1,1,2,0,27,1.24,348,257,33,0,0,875,.630,0,0,2,1,110,0.68,1.000,16.20,5,2.05,7.98,3.89,7.25,2.94,0.74,18,10,0,0,1,Jacob Latz,Texas Rangers
30,44,0,40,48,18,11,0,4,59,15,0,37,0,.204,181,.263,.331,.594,0,11,1.000,.000,4,728,2.84,50.2,5,1,4,6,7,2,16,1.03,199,152,44,0,0,489,.670,0,0,4,0,60,0.83,.833,14.37,13,3.93,10.48,2.66,6.57,3.20,0.71,16,3,0,1,2,Bennett Sousa,Houston Astros
31,32,32,226,161,73,26,7,14,189,51,0,164,10,.223,737,.281,.334,.615,5,6,.545,.455,12,3109,2.86,195.1,19,5,0,0,0,0,62,1.10,801,586,32,0,0,1974,.630,10,1,8,7,246,1.40,.792,15.92,0,3.71,8.71,2.35,7.56,3.36,0.65,0,0,0,1,2,Max Fried,New York Yankees
31,72,0,55,64,21,11,1,6,68,20,1,57,4,.237,241,.305,.365,.670,3,1,.250,.750,7,1043,2.86,66.0,6,1,2,4,27,2,21,1.17,268,198,72,0,0,675,.650,4,0,1,1,88,0.86,.857,15.80,8,3.40,9.27,2.73,7.77,2.86,0.82,23,10,0,2,1,Jared Koenig,Milwaukee Brewers
26,29,29,112,229,60,29,1,19,149,43,0,148,3,.235,631,.285,.374,.659,1,12,.923,.077,10,2677,2.87,166.1,10,7,0,0,0,0,53,1.15,684,499,29,1,1,1773,.660,3,0,4,2,236,0.49,.588,16.09,0,3.47,8.06,2.33,8.01,3.25,1.03,0,0,0,3,4,Andrew Abbott,Cincinnati Reds
30,14,14,40,37,15,6,0,3,62,9,0,40,0,.227,176,.261,.313,.574,0,1,1.000,.000,3,753,2.87,47.0,1,1,0,0,0,0,15,1.04,188,141,14,0,0,495,.660,0,0,10,0,55,1.08,.500,16.02,0,6.89,11.87,1.72,7.66,2.87,0.57,0,0,0,0,3,Shohei Ohtani,Los Angeles Dodgers
32,31,31,136,213,63,19,2,22,190,50,1,129,3,.195,660,.253,.330,.583,3,9,.750,.250,6,2851,2.87,181.2,13,5,0,0,0,0,58,0.99,721,545,31,0,0,1876,.660,3,0,1,2,218,0.64,.722,15.69,0,3.80,9.41,2.48,6.39,3.12,1.09,0,0,0,2,6,Nick Pivetta,San Diego Padres
23,10,9,60,44,18,8,0,3,55,22,1,45,3,.222,203,.306,.305,.611,3,8,.727,.273,6,886,2.88,56.1,6,1,0,0,0,0,18,1.19,229,169,10,0,0,538,.610,3,0,0,0,62,1.36,.857,15.73,0,2.50,8.79,3.51,7.19,2.88,0.48,2,0,0,0,1,Hurston Waldrep,Atlanta Braves
24,21,0,15,26,9,3,0,3,32,12,0,11,2,.133,83,.255,.277,.532,1,2,.667,.333,1,377,2.88,25.0,5,0,0,0,1,0,8,0.92,98,75,21,0,0,229,.610,2,0,2,0,23,0.58,1.000,15.08,5,2.67,11.52,4.32,3.96,3.24,1.08,10,0,0,0,1,Connor Phillips,Cincinnati Reds
34,70,0,36,88,26,11,0,10,81,22,0,41,2,.168,244,.241,.336,.577,1,3,.750,.250,0,1068,2.88,68.2,2,4,32,38,2,6,22,0.92,270,206,70,0,0,699,.650,2,1,1,0,82,0.41,.333,15.55,56,3.68,10.62,2.88,5.37,3.41,1.31,6,1,0,0,2,Emilio Pagán,Cincinnati Reds
25,54,0,41,51,19,6,3,5,61,16,1,44,2,.224,196,.288,.362,.650,0,4,1.000,.000,6,841,2.91,52.2,1,6,22,25,6,3,17,1.14,215,158,54,0,0,554,.660,2,0,2,0,71,0.80,.143,15.97,38,3.81,10.42,2.73,7.52,3.25,0.85,7,0,0,0,1,Daniel Palencia,Chicago Cubs
30,4,4,16,29,7,5,0,4,18,2,0,17,0,.213,80,.232,.425,.657,0,3,1.000,.000,2,342,2.91,21.2,2,1,0,0,0,0,7,0.88,82,65,4,0,0,241,.700,0,0,0,0,34,0.55,.667,15.78,0,9.00,7.48,0.83,7.06,2.91,1.66,0,0,0,0,0,Tyler Wells,Baltimore Orioles
26,76,0,50,68,31,21,1,4,104,19,3,55,4,.201,274,.261,.328,.589,1,1,.500,.500,1,1182,2.93,73.2,8,5,16,22,19,6,24,1.00,300,221,76,0,0,797,.670,4,2,3,0,90,0.74,.615,16.05,30,5.47,12.71,2.32,6.72,3.79,0.49,29,5,0,1,2,Cade Smith,Cleveland Guardians
25,30,30,165,191,64,25,1,26,198,36,0,137,4,.200,685,.243,.353,.596,1,4,.800,.200,10,2714,2.94,186.2,15,7,0,0,0,0,61,0.93,731,560,30,0,0,1837,.680,4,0,3,0,242,0.86,.682,14.54,0,5.50,9.55,1.74,6.61,3.09,1.25,0,0,0,3,3,Bryan Woo,Seattle Mariners
26,67,5,64,89,26,14,2,4,74,24,5,56,0,.203,276,.263,.312,.575,2,5,.714,.286,1,1146,2.95,76.1,3,2,4,6,10,2,25,1.05,307,229,67,0,0,759,.660,0,0,1,2,86,0.72,.600,15.01,14,3.08,8.72,2.83,6.60,3.07,0.47,20,3,0,3,4,Jack Dreyer,Los Angeles Dodgers
29,71,0,55,65,26,8,0,8,68,22,2,58,1,.240,242,.305,.372,.677,2,3,.600,.400,5,972,2.95,64.0,4,8,9,16,15,7,21,1.25,269,192,71,0,0,667,.690,1,1,1,2,90,0.85,.333,15.19,25,3.09,9.56,3.09,8.16,3.66,1.13,18,7,0,3,1,Robert Garcia,Texas Rangers
24,14,14,50,76,24,8,0,8,84,31,0,58,5,.217,267,.309,.337,.646,2,10,.833,.167,4,1253,2.96,73.0,4,3,0,0,0,0,24,1.22,304,219,14,0,0,824,.660,5,0,3,1,90,0.66,.571,17.16,0,2.71,10.36,3.82,7.15,2.96,0.99,0,0,0,0,1,Cam Schlittler,New York Yankees
32,57,0,64,69,24,11,2,5,55,18,2,64,4,.257,249,.315,.378,.693,3,5,.625,.375,6,1032,2.97,66.2,4,1,0,0,6,0,22,1.23,274,200,57,0,0,671,.650,4,0,0,0,94,0.93,.800,15.48,9,3.06,7.43,2.43,8.64,3.24,0.67,18,7,0,1,2,Jakob Junis,Cleveland Guardians
37,30,30,138,184,57,19,1,26,185,37,0,122,3,.196,624,.242,.354,.596,6,11,.647,.353,4,2614,2.97,172.2,12,8,0,0,0,0,57,0.92,669,518,30,0,0,1734,.660,3,0,3,0,221,0.75,.600,15.14,0,5.00,9.64,1.93,6.36,2.97,1.36,0,0,0,0,5,Jacob deGrom,Texas Rangers
34,70,0,52,77,24,6,1,6,75,16,2,47,2,.189,249,.243,.293,.536,0,3,1.000,.000,3,1076,2.97,69.2,4,6,40,45,0,5,23,0.90,269,209,70,0,0,732,.680,2,0,1,0,73,0.68,.400,15.44,56,4.69,9.69,2.07,6.07,3.10,0.78,14,4,0,1,1,Robert Suarez,San Diego Padres
27,74,1,84,48,27,17,1,6,75,22,1,65,2,.244,266,.304,.383,.687,3,6,.667,.333,6,1066,2.97,72.2,4,3,0,2,22,2,24,1.20,296,218,74,0,0,717,.670,2,0,0,1,102,1.75,.571,14.67,8,3.41,9.29,2.72,8.05,3.34,0.74,28,11,0,3,3,Louis Varland,Toronto Blue Jays
39,49,0,38,41,18,3,0,6,43,8,3,43,1,.262,164,.299,.390,.689,1,9,.900,.100,6,638,2.98,42.1,2,6,2,5,13,3,14,1.20,174,127,49,0,0,450,.710,1,0,2,0,64,0.93,.250,15.07,10,5.38,9.14,1.70,9.14,3.83,1.28,18,5,0,0,1,Chris Martin,Texas Rangers
25,24,24,135,152,46,17,2,18,114,43,1,109,3,.214,509,.279,.361,.640,2,2,.500,.500,14,2164,2.99,138.1,9,7,0,0,0,0,46,1.10,556,415,24,0,0,1355,.630,3,0,3,2,184,0.89,.563,15.64,0,2.65,7.42,2.80,7.09,2.99,1.17,0,0,0,1,0,Noah Cameron,Kansas City Royals
27,54,0,87,52,31,14,2,3,40,14,2,65,2,.267,243,.312,.379,.691,1,5,.833,.167,7,946,3.00,60.0,3,3,0,1,10,1,20,1.32,260,180,54,0,0,603,.640,2,0,2,0,92,1.67,.500,15.77,11,2.86,6.00,2.10,9.75,4.65,0.45,29,10,0,0,1,Brenan Hanifee,Detroit Tigers
31,55,0,54,85,24,8,0,10,58,19,2,49,2,.202,243,.264,.358,.622,1,8,.889,.111,3,978,3.00,66.0,5,4,1,3,7,2,22,1.03,267,198,55,0,0,649,.660,2,0,0,0,87,0.64,.556,14.82,9,3.05,7.91,2.59,6.68,3.27,1.36,31,9,0,2,1,Jacob Webb,Texas Rangers
33,68,1,33,93,25,8,0,6,84,19,1,45,2,.181,248,.242,.286,.528,1,8,.889,.111,4,1052,3.01,71.2,3,2,1,3,10,2,24,0.89,276,215,68,0,0,696,.660,2,0,0,1,71,0.35,.600,14.68,7,4.42,10.55,2.39,5.65,3.14,0.75,38,9,0,3,4,Steven Okert,Houston Astros
30,64,0,78,47,26,8,2,4,75,22,1,61,1,.236,259,.297,.328,.625,0,2,1.000,.000,7,1137,3.01,68.2,6,5,23,30,3,7,23,1.21,284,206,64,0,0,739,.650,1,0,4,0,85,1.66,.545,16.56,40,3.41,9.83,2.88,8.00,3.41,0.52,27,12,0,1,1,Will Vest,Detroit Tigers
29,68,0,29,64,21,7,0,9,80,22,3,37,5,.181,204,.272,.348,.620,4,4,.500,.500,2,1023,3.02,59.2,4,2,5,9,26,4,20,0.99,237,179,68,0,0,671,.660,5,0,3,2,71,0.45,.667,17.15,11,3.64,12.07,3.32,5.58,3.17,1.36,42,11,0,2,4,Alex Vesia,Los Angeles Dodgers
32,22,22,119,100,44,24,6,12,109,55,0,94,3,.224,420,.317,.395,.712,6,5,.455,.545,11,1902,3.02,113.1,7,6,0,0,0,0,38,1.31,482,340,22,0,0,1147,.600,3,0,5,0,166,1.19,.538,16.78,0,1.98,8.66,4.37,7.46,3.49,0.95,0,0,2,0,2,Kodai Senga,New York Mets
25,52,0,59,36,19,11,1,4,49,26,2,45,0,.239,188,.330,.372,.702,2,0,.000,1.000,8,919,3.02,50.2,4,3,10,15,7,5,17,1.40,215,152,52,0,0,533,.580,0,0,4,0,70,1.64,.571,18.14,31,1.88,8.70,4.62,7.99,3.38,0.71,21,11,0,0,1,Victor Vodnik,Colorado Rockies
27,33,0,31,47,16,7,1,4,40,19,1,38,3,.244,156,.337,.378,.715,2,7,.778,.222,2,681,3.02,41.2,1,1,3,4,1,1,14,1.37,178,125,33,0,0,436,.640,3,0,0,1,59,0.66,.500,16.34,12,2.11,8.64,4.10,8.21,3.46,0.86,10,6,0,0,0,Eric Orze,Tampa Bay Rays
28,79,0,74,35,28,9,2,2,91,45,4,48,2,.196,245,.323,.273,.596,4,2,.333,.667,5,1240,3.03,68.1,4,2,1,4,30,3,23,1.36,295,205,79,0,0,705,.570,2,1,7,0,67,2.11,.667,18.15,4,2.02,11.99,5.93,6.32,3.69,0.26,45,11,0,1,2,Brendon Little,Toronto Blue Jays
34,65,0,36,71,21,8,1,8,59,19,2,52,1,.242,215,.303,.400,.703,2,8,.800,.200,4,968,3.05,59.0,3,3,1,4,16,3,20,1.20,238,177,65,0,0,633,.650,1,0,2,2,86,0.51,.500,16.41,13,3.11,9.00,2.90,7.93,3.20,1.22,28,10,0,0,3,Pierce Johnson,Atlanta Braves
34,53,2,82,82,31,13,3,8,59,11,0,73,2,.249,293,.280,.396,.676,1,1,.500,.500,7,1160,3.05,76.2,5,2,2,6,13,4,26,1.10,309,230,53,0,0,791,.680,2,0,3,0,116,1.00,.714,15.13,4,5.36,6.93,1.29,8.57,3.64,0.94,32,10,0,1,1,Steven Matz,Boston Red Sox
28,57,2,78,68,24,12,0,8,45,26,1,66,6,.260,254,.341,.402,.743,3,0,.000,1.000,6,1088,3.06,67.2,6,2,1,1,7,0,23,1.36,289,203,57,0,0,675,.620,6,0,1,1,102,1.15,.750,16.08,8,1.73,5.99,3.46,8.78,3.19,1.06,21,2,0,2,1,Daniel Lynch IV,Kansas City Royals
25,31,31,162,153,62,23,1,23,173,83,0,130,3,.211,615,.307,.364,.671,6,7,.538,.462,8,2925,3.06,167.2,12,5,0,0,0,0,57,1.27,704,503,31,0,0,1802,.620,3,1,9,3,224,1.06,.706,17.45,0,2.08,9.29,4.46,6.98,3.33,1.23,0,0,0,1,2,Gavin Williams,Cleveland Guardians
28,62,1,91,83,32,16,0,5,80,28,1,80,1,.244,328,.300,.338,.638,2,2,.500,.500,9,1350,3.07,88.0,4,2,1,5,18,4,30,1.23,363,264,62,0,0,888,.660,1,0,5,1,111,1.10,.667,15.34,12,2.86,8.18,2.86,8.18,3.27,0.51,29,11,0,0,6,Kyle Leahy,St. Louis Cardinals
33,69,1,64,73,24,6,2,9,61,12,1,56,1,.224,250,.261,.372,.633,0,4,1.000,.000,3,1084,3.07,67.1,6,2,1,4,10,3,23,1.01,267,202,69,0,0,712,.660,1,0,2,0,93,0.88,.750,16.10,10,5.08,8.15,1.60,7.49,3.21,1.20,32,12,0,3,1,Tanner Banks,Philadelphia Phillies
28,66,1,66,76,26,7,1,8,66,34,3,50,6,.196,255,.304,.325,.629,0,6,1.000,.000,7,1159,3.08,73.0,3,2,2,3,14,1,25,1.15,298,219,66,0,0,685,.590,6,2,2,1,83,0.87,.600,15.88,17,1.94,8.14,4.19,6.16,3.21,0.99,36,4,0,2,1,Yariel Rodríguez,Toronto Blue Jays
32,33,33,177,195,74,27,0,22,203,73,0,132,9,.188,701,.272,.321,.593,3,17,.850,.150,12,3212,3.09,195.1,18,9,0,0,0,0,67,1.05,789,586,33,0,0,2010,.630,9,0,4,1,225,0.91,.667,16.44,0,2.78,9.35,3.36,6.08,3.41,1.01,0,0,0,3,3,Carlos Rodón,New York Yankees
35,70,0,108,49,27,9,0,8,37,16,3,58,0,.231,251,.276,.363,.639,0,0,.---,.---,8,899,3.09,67.0,4,4,0,0,15,0,23,1.10,269,201,70,0,0,628,.700,0,0,1,0,91,2.20,.500,13.42,18,2.31,4.97,2.15,7.79,3.63,1.07,63,13,1,0,1,Tim Hill,New York Yankees
25,17,17,123,94,44,18,2,13,108,18,1,89,2,.217,410,.252,.366,.618,2,3,.600,.400,5,1573,3.09,110.2,7,4,0,0,0,0,38,0.97,434,332,17,1,0,1081,.690,2,0,2,1,150,1.31,.636,14.21,0,6.00,8.78,1.46,7.24,3.58,1.06,0,0,0,1,3,Spencer Schwellenbach,Atlanta Braves
30,21,1,40,66,18,2,0,7,22,12,0,38,0,.232,164,.281,.372,.653,2,0,.000,1.000,2,673,3.09,43.2,5,1,1,1,0,0,15,1.15,178,131,21,0,0,435,.650,0,0,3,0,61,0.61,.833,15.41,12,1.83,4.53,2.47,7.83,3.71,1.44,7,4,0,0,2,Chris Flexen,Chicago Cubs
27,73,0,51,70,24,9,2,8,73,21,2,58,1,.234,248,.294,.383,.677,1,6,.857,.143,2,1049,3.11,66.2,2,2,3,7,35,4,23,1.19,274,200,73,0,0,690,.660,1,0,2,1,95,0.73,.500,15.74,8,3.48,9.86,2.84,7.83,3.24,1.08,35,15,0,2,2,Hunter Gaddis,Cleveland Guardians
27,23,0,43,29,12,2,0,4,30,20,1,21,5,.172,122,.311,.287,.598,0,2,1.000,.000,3,569,3.12,34.2,3,0,0,0,2,0,12,1.18,148,104,23,0,0,342,.600,5,0,1,0,35,1.48,1.000,16.41,12,1.50,7.79,5.19,5.45,3.12,1.04,9,3,0,0,1,Chris Murphy,Boston Red Sox
27,17,0,12,25,8,5,0,4,30,7,1,17,1,.202,84,.272,.405,.677,1,0,.000,1.000,1,366,3.13,23.0,0,0,0,0,1,0,8,1.04,92,69,17,0,0,260,.710,1,0,2,1,34,0.48,.---,15.91,4,4.29,11.74,2.74,6.65,3.13,1.57,12,4,0,0,0,Brent Headrick,New York Yankees
33,55,3,61,51,23,8,0,1,43,26,5,39,3,.205,190,.306,.263,.569,1,4,.800,.200,0,833,3.14,51.2,4,3,1,1,2,0,18,1.26,224,155,55,0,0,526,.630,3,0,3,1,50,1.20,.571,16.12,12,1.65,7.49,4.53,6.79,4.01,0.17,37,13,1,1,3,Brennan Bernardino,Boston Red Sox
33,71,1,100,52,29,13,2,5,63,30,3,66,2,.238,277,.315,.354,.669,1,6,.857,.143,4,1138,3.14,71.2,6,1,0,1,4,1,25,1.34,313,215,71,0,0,718,.630,2,1,1,0,98,1.92,.857,15.88,17,2.10,7.91,3.77,8.29,3.64,0.63,49,16,0,2,2,Wandy Peralta,San Diego Padres
22,10,9,38,61,18,5,2,8,43,18,0,38,1,.212,179,.286,.397,.683,0,4,1.000,.000,1,821,3.14,48.2,4,3,0,0,0,0,17,1.15,199,146,10,0,0,497,.610,1,0,2,0,71,0.62,.571,16.87,0,2.39,7.95,3.33,7.03,3.33,1.48,0,0,0,0,1,Luis Morales,Athletics
31,29,1,32,31,12,3,1,5,38,10,1,31,0,.237,131,.289,.389,.678,0,1,1.000,.000,2,586,3.15,34.1,0,2,0,0,10,0,12,1.19,142,103,29,0,0,384,.660,0,0,2,0,51,1.03,.000,17.07,7,3.80,9.96,2.62,8.13,3.15,1.31,13,3,0,0,1,Rico Garcia,Baltimore Orioles
25,13,13,63,69,24,12,0,5,65,25,2,58,5,.228,254,.310,.335,.645,2,4,.667,.333,7,1159,3.15,68.2,4,4,0,0,0,0,24,1.21,285,206,13,0,0,709,.610,5,0,2,0,85,0.91,.500,16.88,0,2.60,8.52,3.28,7.60,3.15,0.66,0,0,0,1,0,Reese Olson,Detroit Tigers
30,67,0,46,54,30,8,0,5,79,36,2,44,2,.198,222,.314,.302,.616,4,19,.826,.174,5,1102,3.16,62.2,4,4,2,5,20,3,22,1.28,261,188,67,0,0,658,.600,2,0,12,1,67,0.85,.500,17.59,15,2.19,11.35,5.17,6.32,4.31,0.72,34,4,0,0,1,Seranthony Domínguez,Toronto Blue Jays
32,42,0,39,46,17,7,0,5,29,19,3,32,1,.224,143,.317,.378,.695,1,3,.750,.250,8,658,3.18,39.2,4,4,2,3,7,1,14,1.29,166,119,42,0,0,412,.630,1,0,1,0,54,0.85,.500,16.59,13,1.53,6.58,4.31,7.26,3.86,1.13,15,1,0,2,1,Michael Kelly,Athletics
30,28,15,65,141,39,22,2,15,102,26,1,90,2,.227,396,.278,.407,.685,2,9,.818,.182,4,1682,3.18,104.2,9,2,0,0,1,0,37,1.11,426,314,28,0,0,1118,.660,2,0,0,1,161,0.46,.818,16.07,2,3.92,8.77,2.24,7.74,3.35,1.29,4,0,0,1,1,Eric Lauer,Toronto Blue Jays
31,71,1,51,75,23,10,1,8,61,34,6,45,2,.197,229,.302,.354,.656,2,9,.818,.182,3,1065,3.18,65.0,5,1,0,1,12,1,23,1.22,268,195,71,0,0,654,.610,2,0,7,1,81,0.68,.833,16.38,15,1.79,8.45,4.71,6.23,3.18,1.11,35,10,0,0,3,Anthony Banda,Los Angeles Dodgers
28,59,1,40,80,24,5,0,10,70,21,2,47,7,.201,234,.283,.350,.633,4,14,.778,.222,1,1093,3.18,65.0,4,3,0,6,16,6,23,1.05,266,195,59,0,0,693,.630,7,0,1,0,82,0.50,.571,16.82,8,3.33,9.69,2.91,6.51,3.32,1.38,27,8,1,0,3,Justin Sterner,Athletics
31,18,18,79,79,33,12,0,10,106,43,0,56,3,.177,316,.279,.310,.589,0,10,1.000,.000,7,1480,3.19,90.1,4,3,0,0,0,0,32,1.10,366,271,18,0,0,893,.600,3,2,5,0,98,1.00,.571,16.38,0,2.47,10.56,4.28,5.58,3.29,1.00,0,0,0,0,4,Tyler Glasnow,Los Angeles Dodgers
26,37,0,30,45,17,7,0,6,50,22,1,34,2,.214,159,.317,.371,.688,2,3,.600,.400,1,765,3.19,42.1,1,1,0,1,4,1,15,1.32,183,127,37,0,0,465,.610,2,0,2,0,59,0.67,.500,18.07,13,2.27,10.63,4.68,7.23,3.61,1.28,6,2,0,0,0,Elvis Alvarado,Athletics
32,33,2,33,28,11,7,0,0,27,12,1,35,2,.287,122,.360,.344,.704,1,1,.500,.500,4,531,3.19,31.0,0,1,0,1,2,1,11,1.52,137,93,33,0,0,336,.630,2,0,3,0,42,1.18,.000,17.13,4,2.25,7.84,3.48,10.16,3.19,0.00,21,10,0,1,0,Matt Gage,San Francisco Giants
28,48,0,47,77,26,12,0,5,65,33,4,54,1,.226,239,.319,.339,.658,1,8,.889,.111,3,1125,3.20,64.2,2,1,4,4,3,0,23,1.35,277,194,48,0,0,719,.640,1,0,1,1,81,0.61,.667,17.40,20,1.97,9.05,4.59,7.52,3.62,0.70,30,9,0,1,3,Hogan Harris,Athletics
32,12,12,38,73,26,7,0,9,83,14,0,45,3,.188,239,.242,.331,.573,0,6,1.000,.000,1,964,3.20,64.2,7,2,0,0,0,0,23,0.91,257,194,12,0,0,664,.690,3,0,1,0,79,0.52,.778,14.91,0,5.93,11.55,1.95,6.26,3.62,1.25,0,0,1,0,0,Brandon Woodruff,Milwaukee Brewers
29,26,26,150,152,57,25,2,14,151,38,0,154,6,.256,602,.305,.374,.679,4,6,.600,.400,13,2430,3.20,157.1,12,8,0,0,0,0,56,1.22,651,472,26,0,0,1595,.660,6,0,0,1,225,0.99,.600,15.44,0,3.97,8.64,2.17,8.81,3.26,0.80,0,0,0,2,3,Ranger Suarez,Philadelphia Phillies
34,31,31,144,215,69,25,3,19,154,42,0,154,9,.235,656,.288,.369,.657,3,5,.625,.375,15,2746,3.21,179.2,14,8,0,0,0,0,64,1.09,718,539,31,0,0,1843,.670,9,0,2,11,242,0.67,.636,15.28,0,3.67,7.71,2.10,7.71,3.46,0.95,0,0,0,5,6,Matthew Boyd,Chicago Cubs
35,70,0,40,84,25,12,0,8,73,16,2,51,2,.206,247,.259,.352,.611,1,5,.833,.167,3,964,3.21,67.1,4,6,29,34,2,5,24,1.00,266,202,70,0,0,669,.690,2,0,0,0,87,0.48,.400,14.32,57,4.56,9.76,2.14,6.82,3.34,1.07,10,5,0,0,1,Raisel Iglesias,Atlanta Braves
25,34,13,79,94,39,18,0,10,108,42,0,78,0,.218,357,.299,.353,.652,2,4,.667,.333,5,1637,3.21,95.1,5,3,1,1,1,0,34,1.26,401,286,34,0,0,1025,.630,0,0,2,0,126,0.84,.625,17.17,10,2.57,10.20,3.97,7.36,3.68,0.94,8,1,0,0,2,Joey Cantillo,Cleveland Guardians
27,11,0,16,12,5,3,0,2,14,2,0,16,0,.276,58,.300,.431,.731,0,1,1.000,.000,0,214,3.21,14.0,0,2,0,0,0,0,5,1.29,60,42,11,0,0,138,.640,0,0,0,0,25,1.33,.000,15.29,5,7.00,9.00,1.29,10.29,3.21,1.29,5,1,0,0,0,Colin Selby,Baltimore Orioles
21,3,3,13,13,5,2,0,0,16,7,0,13,0,.236,55,.323,.273,.596,0,0,.---,.---,0,239,3.21,14.0,1,0,0,0,0,0,5,1.43,62,42,3,0,0,155,.650,0,0,0,0,15,1.00,1.000,17.07,0,2.29,10.29,4.50,8.36,3.21,0.00,0,0,0,0,0,Trey Yesavage,Toronto Blue Jays
28,34,34,240,129,82,49,3,14,224,46,0,210,6,.264,795,.308,.386,.694,7,9,.563,.438,22,3282,3.22,207.0,15,11,0,0,0,0,74,1.24,856,621,34,0,0,2165,.660,6,0,2,2,307,1.86,.577,15.86,0,4.87,9.74,2.00,9.13,3.57,0.61,0,0,1,4,4,Logan Webb,San Francisco Giants
33,9,9,31,65,16,8,0,6,29,15,0,38,0,.233,163,.298,.393,.691,2,7,.778,.222,5,719,3.22,44.2,2,2,0,0,0,0,16,1.19,178,134,9,0,0,460,.640,0,0,0,0,64,0.48,.500,16.10,0,1.93,5.84,3.02,7.66,3.22,1.21,0,0,0,0,0,Ben Lively,Cleveland Guardians
28,66,0,63,72,35,8,1,8,74,29,3,59,2,.223,264,.303,.352,.655,2,6,.750,.250,4,1158,3.23,69.2,2,6,0,3,6,3,25,1.26,299,209,66,0,0,741,.640,2,0,0,0,93,0.88,.250,16.62,19,2.55,9.56,3.75,7.62,4.52,1.03,36,10,0,2,2,Grant Anderson,Milwaukee Brewers
27,48,0,46,46,20,8,1,2,47,12,2,46,4,.256,180,.310,.344,.654,1,7,.875,.125,1,746,3.23,47.1,5,3,24,29,1,5,17,1.23,201,142,48,0,0,509,.680,4,0,4,1,62,1.00,.625,15.76,41,3.92,8.94,2.28,8.75,3.80,0.38,2,1,0,1,4,Emmanuel Clase,Cleveland Guardians
29,18,0,7,19,8,2,0,2,19,7,1,16,0,.267,60,.338,.400,.738,1,3,.750,.250,2,285,3.24,16.2,1,1,0,1,2,1,6,1.38,68,50,18,0,0,187,.660,0,0,0,0,24,0.37,.500,17.10,6,2.71,10.26,3.78,8.64,4.32,1.08,10,3,0,0,1,Dauri Moreta,Pittsburgh Pirates
32,51,0,57,57,20,6,1,8,44,9,0,38,1,.194,196,.233,.357,.590,1,3,.750,.250,6,865,3.25,55.1,1,1,1,2,5,1,20,0.85,206,166,51,0,0,558,.650,1,0,5,3,70,1.00,.500,15.63,15,4.89,7.16,1.46,6.18,3.25,1.30,22,8,0,0,0,Taylor Clarke,Kansas City Royals
36,19,0,19,31,9,6,0,2,14,10,2,17,0,.213,80,.297,.363,.660,2,1,.333,.667,1,332,3.27,22.0,1,2,1,2,2,1,8,1.23,91,66,19,0,0,217,.650,0,0,1,1,29,0.61,.333,15.09,6,1.40,5.73,4.09,6.95,3.68,0.82,21,4,0,0,1,Hunter Strickland,Los Angeles Angels
27,25,0,48,29,15,6,0,1,28,17,0,37,1,.266,139,.348,.331,.679,1,3,.750,.250,5,590,3.28,35.2,0,1,0,0,4,0,13,1.51,160,107,25,0,0,380,.640,1,0,2,0,46,1.66,.000,16.54,5,1.65,7.07,4.29,9.34,3.79,0.25,9,1,0,2,1,Yerry De los Santos,New York Yankees
29,65,0,61,55,27,4,1,8,59,24,0,53,3,.236,225,.314,.369,.683,0,4,1.000,.000,4,1054,3.28,60.1,4,4,15,20,7,5,22,1.28,255,181,65,0,0,632,.600,3,0,2,0,83,1.11,.500,17.47,29,2.46,8.80,3.58,7.91,4.03,1.19,14,4,0,0,3,Calvin Faucher,Miami Marlins
30,74,0,57,66,27,7,0,13,76,14,1,53,0,.213,249,.254,.398,.652,1,2,.667,.333,4,1102,3.29,68.1,2,4,2,9,19,7,25,0.98,266,205,74,0,0,743,.670,0,3,3,2,99,0.86,.333,16.13,6,5.43,10.01,1.84,6.98,3.56,1.71,32,7,0,2,1,Dylan Lee,Atlanta Braves
24,69,0,53,62,28,11,0,6,65,27,3,55,4,.238,231,.323,.364,.687,0,5,1.000,.000,4,1073,3.30,60.0,8,4,4,11,19,7,22,1.37,266,180,69,0,0,688,.640,4,0,5,0,84,0.85,.667,17.88,12,2.41,9.75,4.05,8.25,4.20,0.90,32,14,0,0,4,Orion Kerkering,Philadelphia Phillies
32,21,21,144,114,49,20,4,10,92,38,0,122,8,.261,467,.325,.385,.710,2,7,.778,.222,18,1892,3.31,125.0,8,5,0,0,0,0,46,1.28,518,375,21,0,0,1235,.650,8,3,5,3,180,1.26,.615,15.14,0,2.42,6.62,2.74,8.78,3.53,0.72,0,0,0,1,4,Adrian Houser,Tampa Bay Rays
27,11,11,41,81,23,14,0,5,41,33,0,47,1,.226,208,.332,.365,.697,1,2,.667,.333,4,970,3.32,57.0,4,1,0,0,0,0,21,1.40,244,171,11,0,0,594,.610,1,2,4,1,76,0.51,.800,17.02,0,1.24,6.47,5.21,7.42,3.63,0.79,0,0,0,0,2,Luis Gil,New York Yankees
24,29,24,198,122,62,34,2,18,132,50,0,145,6,.245,593,.309,.400,.709,5,7,.583,.417,18,2468,3.32,157.1,13,3,0,0,0,0,58,1.24,653,472,29,0,0,1549,.630,6,0,4,0,237,1.62,.813,15.69,2,2.64,7.55,2.86,8.29,3.55,1.03,2,1,0,2,2,Quinn Priester,Milwaukee Brewers
29,14,14,57,99,29,12,2,9,73,30,0,56,1,.199,282,.276,.351,.627,1,6,.857,.143,4,1226,3.32,78.2,4,4,0,0,0,0,29,1.09,316,236,14,0,0,790,.640,1,2,2,2,99,0.58,.500,15.58,0,2.43,8.35,3.43,6.41,3.32,1.03,0,0,0,1,2,Clarke Schmidt,New York Yankees
27,29,28,149,155,60,23,1,22,156,31,1,138,13,.233,592,.285,.387,.672,6,14,.700,.300,6,2478,3.33,156.2,9,8,0,0,0,0,58,1.08,642,470,29,2,1,1637,.660,13,1,2,3,229,0.96,.529,15.82,0,5.03,8.96,1.78,7.93,3.45,1.26,0,0,0,4,2,Nick Lodolo,Cincinnati Reds
26,29,28,199,158,71,23,1,16,124,59,0,147,13,.237,620,.314,.355,.669,6,16,.727,.273,17,2697,3.35,166.2,11,9,0,0,0,0,62,1.24,700,500,29,1,0,1675,.620,13,0,5,1,220,1.26,.550,16.18,0,2.10,6.70,3.19,7.94,3.83,0.86,0,0,0,2,6,Brayan Bello,Boston Red Sox
37,61,0,41,39,22,10,0,3,57,20,3,48,2,.262,183,.340,.366,.706,3,6,.667,.333,5,816,3.35,48.1,4,1,0,4,19,4,18,1.41,207,145,61,0,0,523,.640,2,0,3,0,67,1.05,.800,16.88,3,2.85,10.61,3.72,8.94,4.10,0.56,48,17,0,1,1,Justin Wilson,Boston Red Sox
28,9,9,53,54,20,8,1,10,52,4,0,46,3,.225,204,.251,.422,.673,1,3,.750,.250,1,814,3.35,53.2,1,3,0,0,0,0,20,0.93,212,161,9,0,0,547,.670,3,0,0,1,86,0.98,.250,15.17,0,13.00,8.72,0.67,7.71,3.35,1.68,0,0,0,1,0,Brandon Walter,Houston Astros
37,23,22,122,118,46,22,2,8,84,35,0,102,2,.243,420,.302,.362,.664,1,0,.000,1.000,14,1770,3.36,112.2,11,2,0,0,0,0,42,1.22,463,338,23,0,0,1115,.630,2,1,5,0,152,1.03,.846,15.71,0,2.40,6.71,2.80,8.15,3.67,0.64,0,0,0,2,4,Clayton Kershaw,Los Angeles Dodgers
28,69,1,73,53,24,7,3,8,52,18,4,58,3,.254,228,.311,.417,.728,2,4,.667,.333,5,1014,3.36,61.2,7,1,0,5,15,5,23,1.23,257,185,69,0,0,667,.660,3,1,0,1,95,1.38,.875,16.44,14,2.89,7.59,2.63,8.46,3.50,1.17,35,17,0,3,5,Brock Burke,Los Angeles Angels
25,28,0,28,28,14,5,2,2,31,12,0,27,3,.243,111,.326,.378,.704,0,4,1.000,.000,2,489,3.38,29.1,1,1,0,0,3,0,11,1.33,129,88,28,0,0,315,.640,3,0,3,0,42,1.00,.500,16.67,7,2.58,9.51,3.68,8.28,4.30,0.61,17,7,0,0,3,Jaden Hill,Colorado Rockies
34,57,0,48,47,25,13,1,7,53,23,2,47,3,.247,190,.332,.437,.769,1,5,.833,.167,4,894,3.38,50.2,3,2,0,2,10,2,19,1.38,221,152,57,0,0,580,.650,3,0,0,1,83,1.02,.600,17.64,8,2.30,9.41,4.09,8.35,4.44,1.24,32,18,0,1,4,Taylor Rogers,Chicago Cubs
27,33,23,140,178,62,25,9,17,132,41,0,124,4,.217,572,.273,.381,.654,1,1,.500,.500,12,2466,3.39,154.0,7,3,1,2,1,1,58,1.07,619,462,33,0,0,1613,.650,4,0,1,1,218,0.79,.700,16.01,4,3.22,7.71,2.40,7.25,3.62,0.99,1,0,0,0,2,Ryne Nelson,Arizona Diamondbacks
35,54,0,53,39,22,6,2,7,64,11,1,41,0,.211,194,.251,.371,.622,0,8,1.000,.000,5,768,3.40,53.0,4,3,5,6,15,1,20,0.98,208,159,54,0,0,539,.700,0,0,1,0,72,1.36,.571,14.49,17,5.82,10.87,1.87,6.96,3.74,1.19,10,4,0,1,2,Andrew Kittredge,Chicago Cubs
28,35,0,37,62,18,7,2,6,31,17,2,33,1,.206,160,.282,.388,.670,0,2,1.000,.000,2,692,3.40,45.0,4,3,0,3,5,3,17,1.11,181,135,35,0,0,419,.610,1,0,3,0,62,0.60,.571,15.38,11,1.82,6.20,3.40,6.60,3.60,1.20,24,4,0,0,3,Chase Shugart,Pittsburgh Pirates
28,39,0,32,40,16,5,0,3,33,30,1,27,2,.206,131,.362,.313,.675,1,4,.800,.200,5,717,3.41,37.0,4,3,0,2,10,2,14,1.54,164,111,39,0,0,414,.580,2,0,2,1,41,0.80,.571,19.38,6,1.10,8.03,7.30,6.57,3.89,0.73,14,3,0,1,0,Daysbel Hernández,Atlanta Braves
30,64,3,49,72,28,9,0,10,59,33,2,54,1,.233,232,.328,.401,.729,1,2,.667,.333,5,1058,3.41,63.1,5,4,8,14,16,6,24,1.37,268,190,64,0,0,696,.660,1,0,2,1,93,0.68,.556,16.71,18,1.79,8.38,4.69,7.67,3.98,1.42,37,8,0,0,2,Keegan Akin,Baltimore Orioles
30,26,26,126,176,62,22,1,17,121,56,0,131,1,.239,547,.309,.377,.686,5,12,.706,.294,8,2368,3.41,145.0,10,4,0,0,0,0,55,1.29,613,435,26,0,0,1507,.640,1,0,4,0,206,0.72,.714,16.33,0,2.16,7.51,3.48,8.13,3.85,1.06,0,0,2,2,5,Lucas Giolito,Boston Red Sox
38,58,0,65,39,23,15,2,2,48,26,5,55,0,.271,203,.351,.394,.745,1,4,.800,.200,14,896,3.42,55.1,2,2,2,3,12,1,21,1.46,233,166,58,0,0,572,.640,0,0,9,0,80,1.67,.500,16.19,15,1.85,7.81,4.23,8.95,3.74,0.33,18,5,0,2,2,Luis García,Los Angeles Angels
30,59,0,32,83,21,7,0,7,51,22,2,50,3,.239,209,.311,.373,.684,0,8,1.000,.000,2,974,3.42,55.1,2,2,2,9,10,7,21,1.30,241,166,59,0,0,610,.630,3,0,2,0,78,0.39,.500,17.60,23,2.32,8.30,3.58,8.13,3.42,1.14,35,9,0,0,7,Steven Wilson,Chicago White Sox
29,31,30,117,189,69,32,0,26,194,39,0,138,12,.218,633,.275,.392,.667,11,21,.656,.344,6,2795,3.42,171.0,13,10,0,0,0,0,65,1.04,689,513,31,0,0,1832,.660,12,2,0,1,248,0.62,.565,16.35,0,4.97,10.21,2.05,7.26,3.63,1.37,0,0,0,1,4,Joe Ryan,Minnesota Twins
24,23,0,22,18,8,2,0,3,21,17,0,17,1,.221,77,.365,.364,.729,0,0,.---,.---,1,420,3.43,21.0,2,0,0,1,4,1,8,1.62,96,63,23,0,0,240,.570,1,0,2,0,28,1.22,1.000,20.00,7,1.24,9.00,7.29,7.29,3.43,1.29,8,4,0,0,1,Luis Mey,Cincinnati Reds
28,25,25,93,127,53,20,1,20,173,31,0,104,7,.211,494,.266,.377,.643,2,10,.833,.167,1,2156,3.44,131.0,6,6,0,0,0,0,50,1.03,535,393,25,0,0,1429,.660,7,0,10,0,186,0.73,.500,16.46,0,5.58,11.89,2.13,7.15,3.64,1.37,0,0,0,2,1,Logan Gilbert,Seattle Mariners
30,15,15,57,83,31,12,0,12,76,26,0,62,4,.224,277,.299,.397,.696,1,0,.000,1.000,5,1219,3.44,73.1,5,3,0,0,0,0,28,1.20,308,220,15,1,1,754,.620,4,0,2,1,110,0.69,.625,16.62,0,2.92,9.33,3.19,7.61,3.80,1.47,0,0,0,0,1,Michael King,San Diego Padres
31,11,1,32,39,12,10,1,4,22,11,0,29,1,.240,121,.306,.438,.744,0,1,1.000,.000,2,512,3.45,31.1,0,0,0,0,1,0,12,1.28,134,94,11,0,0,315,.620,1,0,0,0,53,0.82,.---,16.34,4,2.00,6.32,3.16,8.33,3.45,1.15,7,1,0,0,1,Brandon Waddell,New York Mets
26,77,0,42,66,31,9,1,12,108,27,2,58,3,.216,269,.291,.390,.681,0,4,1.000,.000,2,1236,3.45,73.0,4,5,3,6,30,3,28,1.16,304,219,77,0,0,821,.660,3,0,3,0,105,0.64,.444,16.93,7,4.00,13.32,3.33,7.15,3.82,1.48,22,8,0,2,3,Jeremiah Estrada,San Diego Padres
33,56,0,56,53,24,8,3,4,55,18,2,45,1,.221,204,.283,.348,.631,4,6,.600,.400,3,846,3.47,57.0,4,4,24,31,3,7,22,1.11,229,171,56,0,0,565,.670,1,0,6,0,71,1.06,.500,14.84,38,3.06,8.68,2.84,7.11,3.79,0.63,21,9,1,2,3,Kyle Finnegan,Detroit Tigers
26,20,3,37,50,15,6,1,2,27,17,0,24,0,.174,138,.265,.275,.540,0,0,.---,.---,2,588,3.49,38.2,1,0,0,0,1,0,15,1.06,155,116,20,0,0,356,.610,0,0,0,0,38,0.74,1.000,15.21,2,1.59,6.28,3.96,5.59,3.49,0.47,8,4,0,0,0,DL Hall,Milwaukee Brewers
28,63,0,45,74,25,6,2,7,46,13,1,42,1,.213,197,.255,.371,.626,2,2,.500,.500,3,845,3.49,56.2,5,3,1,7,17,6,22,0.97,221,170,63,0,0,591,.700,1,0,2,0,73,0.61,.625,14.91,4,3.54,7.31,2.06,6.67,3.97,1.11,50,14,0,1,9,Nick Mears,Milwaukee Brewers
28,39,0,48,30,17,9,0,2,40,18,1,44,3,.275,160,.355,.369,.724,0,3,1.000,.000,3,725,3.51,41.0,4,1,1,1,7,0,16,1.51,183,123,39,0,0,452,.620,3,1,5,0,59,1.60,.800,17.68,11,2.22,8.78,3.95,9.66,3.73,0.44,12,5,0,0,2,Kody Funderburk,Minnesota Twins
28,19,19,139,109,49,13,2,9,77,31,1,98,7,.235,417,.296,.341,.637,2,3,.600,.400,19,1689,3.51,112.2,5,7,0,0,0,0,44,1.14,461,338,19,1,1,1084,.640,7,0,0,1,142,1.28,.417,14.99,0,2.48,6.15,2.48,7.83,3.91,0.72,0,0,0,0,5,Stephen Kolek,Kansas City Royals
